Title,Price,Rating,Date
"Automate the Boring Stuff with Python, 2nd Edition","2,429.00",4.6 out of 5 stars,2022-08-25
"Automate the Boring Stuff with Python, 2nd Edition","2,429.00","




                4.6 out of 5 stars
               







",2022-08-25
"Automate the Boring Stuff with Python, 2nd Edition","2,429.00","




                4.6 out of 5 stars
               







",2022-08-25
"Automate the Boring Stuff with Python, 2nd Edition","2,429.00","




                4.6 out of 5 stars
               







",2022-08-25
"Automate the Boring Stuff with Python, 2nd Edition","2,429.00","




                4.6 out of 5 stars
               







",2022-08-25
"Automate the Boring Stuff with Python, 2nd Edition","2,429.00","




                4.6 out of 5 stars
               







",2022-08-25
"Automate the Boring Stuff with Python, 2nd Edition","2,429.00","




                4.6 out of 5 stars
               







",2022-08-25
"Automate the Boring Stuff with Python, 2nd Edition","2,429.00","




                4.6 out of 5 stars
               







",2022-08-25
